--
-- PostgreSQL database dump
--

\restrict F3fNVeqSRzVZVvnbBmvRzbFzG8OJYy1ib1IsBp4GBd4CclyIqgzUME0IMuMHJsU

-- Dumped from database version 18.0
-- Dumped by pg_dump version 18.0

-- Started on 2026-01-11 21:16:29

SET statement_timeout = 0;
SET lock_timeout = 0;
SET idle_in_transaction_session_timeout = 0;
SET transaction_timeout = 0;
SET client_encoding = 'UTF8';
SET standard_conforming_strings = on;
SELECT pg_catalog.set_config('search_path', '', false);
SET check_function_bodies = false;
SET xmloption = content;
SET client_min_messages = warning;
SET row_security = off;

--
-- TOC entry 5081 (class 1262 OID 16388)
-- Name: work_hive_db; Type: DATABASE; Schema: -; Owner: postgres
--

CREATE DATABASE work_hive_db WITH TEMPLATE = template0 ENCODING = 'UTF8' LOCALE_PROVIDER = libc LOCALE = 'English_United States.1252';


ALTER DATABASE work_hive_db OWNER TO postgres;

\unrestrict F3fNVeqSRzVZVvnbBmvRzbFzG8OJYy1ib1IsBp4GBd4CclyIqgzUME0IMuMHJsU
\connect work_hive_db
\restrict F3fNVeqSRzVZVvnbBmvRzbFzG8OJYy1ib1IsBp4GBd4CclyIqgzUME0IMuMHJsU

SET statement_timeout = 0;
SET lock_timeout = 0;
SET idle_in_transaction_session_timeout = 0;
SET transaction_timeout = 0;
SET client_encoding = 'UTF8';
SET standard_conforming_strings = on;
SELECT pg_catalog.set_config('search_path', '', false);
SET check_function_bodies = false;
SET xmloption = content;
SET client_min_messages = warning;
SET row_security = off;

SET default_tablespace = '';

SET default_table_access_method = heap;

--
-- TOC entry 222 (class 1259 OID 16411)
-- Name: locations; Type: TABLE; Schema: public; Owner: work_hive_admin
--

CREATE TABLE public.locations (
    id integer NOT NULL,
    address character varying(255),
    city character varying(255),
    created_at timestamp(6) without time zone NOT NULL,
    floor character varying(255),
    name character varying(255) NOT NULL
);


ALTER TABLE public.locations OWNER TO work_hive_admin;

--
-- TOC entry 221 (class 1259 OID 16410)
-- Name: locations_id_seq; Type: SEQUENCE; Schema: public; Owner: work_hive_admin
--

ALTER TABLE public.locations ALTER COLUMN id ADD GENERATED BY DEFAULT AS IDENTITY (
    SEQUENCE NAME public.locations_id_seq
    START WITH 1
    INCREMENT BY 1
    NO MINVALUE
    NO MAXVALUE
    CACHE 1
);


--
-- TOC entry 224 (class 1259 OID 16422)
-- Name: parkings; Type: TABLE; Schema: public; Owner: work_hive_admin
--

CREATE TABLE public.parkings (
    id integer NOT NULL,
    available boolean NOT NULL,
    created_at timestamp(6) without time zone NOT NULL,
    spot_number integer NOT NULL,
    location_id integer NOT NULL
);


ALTER TABLE public.parkings OWNER TO work_hive_admin;

--
-- TOC entry 223 (class 1259 OID 16421)
-- Name: parkings_id_seq; Type: SEQUENCE; Schema: public; Owner: work_hive_admin
--

ALTER TABLE public.parkings ALTER COLUMN id ADD GENERATED BY DEFAULT AS IDENTITY (
    SEQUENCE NAME public.parkings_id_seq
    START WITH 1
    INCREMENT BY 1
    NO MINVALUE
    NO MAXVALUE
    CACHE 1
);


--
-- TOC entry 226 (class 1259 OID 16433)
-- Name: reservations; Type: TABLE; Schema: public; Owner: work_hive_admin
--

CREATE TABLE public.reservations (
    id integer NOT NULL,
    created_at timestamp(6) without time zone NOT NULL,
    end_time timestamp(6) without time zone NOT NULL,
    notes character varying(255),
    start_time timestamp(6) without time zone NOT NULL,
    status character varying(255) NOT NULL,
    parking_id integer,
    space_id integer NOT NULL,
    user_id integer NOT NULL,
    CONSTRAINT reservations_check CHECK ((start_time < end_time)),
    CONSTRAINT reservations_status_check CHECK (((status)::text = ANY ((ARRAY['CONFIRMED'::character varying, 'CANCELLED'::character varying, 'PENDING'::character varying])::text[])))
);


ALTER TABLE public.reservations OWNER TO work_hive_admin;

--
-- TOC entry 225 (class 1259 OID 16432)
-- Name: reservations_id_seq; Type: SEQUENCE; Schema: public; Owner: work_hive_admin
--

ALTER TABLE public.reservations ALTER COLUMN id ADD GENERATED BY DEFAULT AS IDENTITY (
    SEQUENCE NAME public.reservations_id_seq
    START WITH 1
    INCREMENT BY 1
    NO MINVALUE
    NO MAXVALUE
    CACHE 1
);


--
-- TOC entry 228 (class 1259 OID 16450)
-- Name: resources; Type: TABLE; Schema: public; Owner: work_hive_admin
--

CREATE TABLE public.resources (
    id integer NOT NULL,
    created_at timestamp(6) without time zone NOT NULL,
    description character varying(255),
    name character varying(255) NOT NULL
);


ALTER TABLE public.resources OWNER TO work_hive_admin;

--
-- TOC entry 227 (class 1259 OID 16449)
-- Name: resources_id_seq; Type: SEQUENCE; Schema: public; Owner: work_hive_admin
--

ALTER TABLE public.resources ALTER COLUMN id ADD GENERATED BY DEFAULT AS IDENTITY (
    SEQUENCE NAME public.resources_id_seq
    START WITH 1
    INCREMENT BY 1
    NO MINVALUE
    NO MAXVALUE
    CACHE 1
);


--
-- TOC entry 229 (class 1259 OID 16460)
-- Name: space_resources; Type: TABLE; Schema: public; Owner: work_hive_admin
--

CREATE TABLE public.space_resources (
    space_id integer NOT NULL,
    resource_id integer NOT NULL
);


ALTER TABLE public.space_resources OWNER TO work_hive_admin;

--
-- TOC entry 231 (class 1259 OID 16468)
-- Name: spaces; Type: TABLE; Schema: public; Owner: work_hive_admin
--

CREATE TABLE public.spaces (
    id integer NOT NULL,
    available boolean NOT NULL,
    created_at timestamp(6) without time zone NOT NULL,
    description character varying(255),
    name character varying(255) NOT NULL,
    type character varying(255) NOT NULL,
    location_id integer NOT NULL,
    CONSTRAINT spaces_type_check CHECK (((type)::text = ANY ((ARRAY['WORKSPACE'::character varying, 'MEETING_ROOM'::character varying])::text[])))
);


ALTER TABLE public.spaces OWNER TO work_hive_admin;

--
-- TOC entry 230 (class 1259 OID 16467)
-- Name: spaces_id_seq; Type: SEQUENCE; Schema: public; Owner: work_hive_admin
--

ALTER TABLE public.spaces ALTER COLUMN id ADD GENERATED BY DEFAULT AS IDENTITY (
    SEQUENCE NAME public.spaces_id_seq
    START WITH 1
    INCREMENT BY 1
    NO MINVALUE
    NO MAXVALUE
    CACHE 1
);


--
-- TOC entry 220 (class 1259 OID 16393)
-- Name: users; Type: TABLE; Schema: public; Owner: work_hive_admin
--

CREATE TABLE public.users (
    id integer NOT NULL,
    created_at timestamp(6) without time zone NOT NULL,
    email character varying(255) NOT NULL,
    first_name character varying(255) NOT NULL,
    last_name character varying(255) NOT NULL,
    password character varying(255) NOT NULL,
    role character varying(255) NOT NULL,
    CONSTRAINT users_role_check CHECK (((role)::text = ANY ((ARRAY['USER'::character varying, 'ADMIN'::character varying])::text[])))
);


ALTER TABLE public.users OWNER TO work_hive_admin;

--
-- TOC entry 219 (class 1259 OID 16392)
-- Name: users_id_seq; Type: SEQUENCE; Schema: public; Owner: work_hive_admin
--

ALTER TABLE public.users ALTER COLUMN id ADD GENERATED BY DEFAULT AS IDENTITY (
    SEQUENCE NAME public.users_id_seq
    START WITH 1
    INCREMENT BY 1
    NO MINVALUE
    NO MAXVALUE
    CACHE 1
);


--
-- TOC entry 5066 (class 0 OID 16411)
-- Dependencies: 222
-- Data for Name: locations; Type: TABLE DATA; Schema: public; Owner: work_hive_admin
--

COPY public.locations (id, address, city, created_at, floor, name) FROM stdin;
1	Tipografiilor 11-15	Bucharest	2025-11-06 18:18:57.226526	5	The Hive
2	Iuliu Maniu	Bucharest	2025-11-06 18:18:57.226526	2	Campus 6
3	Orhideelor 15a	Bucharest	2025-11-06 18:18:57.226526	1	Orhideea Towers
4	Henri Barbusse 46	Cluj-Napoca	2025-11-06 18:34:56.365861	3	Cluj Business Campus
6	Coriolan Bredniceanu 10	Timisoara	2026-01-06 20:17:07.118112	0	City Business Development Centre
\.


--
-- TOC entry 5068 (class 0 OID 16422)
-- Dependencies: 224
-- Data for Name: parkings; Type: TABLE DATA; Schema: public; Owner: work_hive_admin
--

COPY public.parkings (id, available, created_at, spot_number, location_id) FROM stdin;
1	t	2025-11-06 18:26:53.699486	1	1
2	t	2025-11-06 18:26:53.699486	2	1
3	t	2025-11-06 18:26:53.699486	101	2
5	t	2025-11-06 18:26:53.699486	1	3
6	t	2026-01-04 19:23:17.682017	67	2
7	t	2026-01-06 20:18:13.883156	27	4
8	t	2026-01-06 20:18:23.871448	420	4
9	t	2026-01-06 20:18:37.195883	7	6
\.


--
-- TOC entry 5070 (class 0 OID 16433)
-- Dependencies: 226
-- Data for Name: reservations; Type: TABLE DATA; Schema: public; Owner: work_hive_admin
--

COPY public.reservations (id, created_at, end_time, notes, start_time, status, parking_id, space_id, user_id) FROM stdin;
1	2025-11-06 18:31:37.161503	2025-11-10 17:00:00	Rezervare pentru biroul 101 cu parcare	2025-11-10 09:00:00	CONFIRMED	1	2	6
4	2025-11-06 18:31:37.161503	2025-11-01 17:00:00	Nu mai am nevoie	2025-11-01 09:00:00	CANCELLED	\N	3	6
5	2025-11-06 18:31:37.161503	2025-11-20 11:00:00	Aștept confirmare parcare	2025-11-20 10:00:00	PENDING	2	4	7
6	2026-01-04 02:52:45.206058	2026-01-05 17:00:00	cal	2026-01-05 09:00:00	CONFIRMED	1	2	6
7	2026-01-04 02:55:19.088798	2026-01-05 17:00:00		2026-01-05 09:00:00	CONFIRMED	\N	4	6
8	2026-01-04 03:04:03.287386	2026-01-05 17:00:00		2026-01-05 09:00:00	CONFIRMED	3	5	6
19	2026-01-04 03:28:31.432335	2026-01-10 18:28:00	da	2026-01-10 09:28:00	CONFIRMED	5	7	6
20	2026-01-04 03:29:38.400267	2026-01-05 03:29:00		2026-01-04 03:29:00	CONFIRMED	1	2	6
22	2026-01-04 03:49:02.188438	2026-03-17 17:30:00	tafu	2026-03-17 09:00:00	CONFIRMED	1	2	11
21	2026-01-04 03:41:49.08904	2026-02-27 17:30:00		2026-02-27 09:00:00	CANCELLED	1	2	6
2	2025-11-06 18:31:37.161503	2025-11-15 14:00:00	Am nevoie de liniște	2025-11-15 10:00:00	CANCELLED	3	5	6
24	2026-01-04 16:58:39.043341	2026-01-07 12:00:00		2026-01-06 12:00:00	CANCELLED	5	7	11
31	2026-01-06 20:45:15.316175	2026-01-29 05:30:00		2026-01-28 09:00:00	CANCELLED	1	4	11
33	2026-01-08 11:19:08.629781	2026-01-30 11:18:00	test	2026-01-29 11:18:00	CONFIRMED	3	6	11
32	2026-01-08 00:07:02.39946	2026-01-23 00:06:00		2026-01-22 00:06:00	CANCELLED	1	3	11
34	2026-01-09 16:11:01.885551	2026-03-19 16:10:00	cv	2026-03-17 16:10:00	CONFIRMED	3	6	11
35	2026-01-09 16:11:37.067308	2026-01-10 16:11:00		2026-01-09 16:11:00	CANCELLED	1	4	11
37	2026-01-11 15:00:47.38114	2026-01-17 15:00:00	altcv	2026-01-16 15:00:00	CANCELLED	1	4	11
38	2026-01-11 15:05:10.838518	2026-01-20 15:04:00	alt alt cv	2026-01-19 15:04:00	CANCELLED	1	4	11
39	2026-01-11 15:18:11.887414	2026-01-30 15:17:00	ll	2026-01-29 15:17:00	CANCELLED	1	4	11
40	2026-01-11 20:26:31.360773	2026-02-28 20:26:00	testul	2026-02-27 20:26:00	CONFIRMED	7	8	11
\.


--
-- TOC entry 5072 (class 0 OID 16450)
-- Dependencies: 228
-- Data for Name: resources; Type: TABLE DATA; Schema: public; Owner: work_hive_admin
--

COPY public.resources (id, created_at, description, name) FROM stdin;
1	2025-11-06 18:18:57.226526	Monitor suplimentar cu rezoluție 4K	Monitor Dell 27" 4K
3	2025-11-06 18:18:57.226526	Scaun cu suport lombar avansat	Scaun Ergonomic Pro
4	2025-11-06 18:18:57.226526	Proiector pentru săli de ședință	Proiector 1080p
5	2025-11-06 18:18:57.226526	Tablă albă magnetică cu markere	Whiteboard Magnetic
6	2025-11-06 18:18:57.226526		Sistem videoconferinta
2	2025-11-06 18:18:57.226526		Statie de încarcare USB-C
\.


--
-- TOC entry 5073 (class 0 OID 16460)
-- Dependencies: 229
-- Data for Name: space_resources; Type: TABLE DATA; Schema: public; Owner: work_hive_admin
--

COPY public.space_resources (space_id, resource_id) FROM stdin;
2	1
2	2
5	1
5	3
8	2
8	1
6	4
6	5
6	6
4	4
4	5
4	3
\.


--
-- TOC entry 5075 (class 0 OID 16468)
-- Dependencies: 231
-- Data for Name: spaces; Type: TABLE DATA; Schema: public; Owner: work_hive_admin
--

COPY public.spaces (id, available, created_at, description, name, type, location_id) FROM stdin;
2	t	2025-11-06 18:26:53.699486	Birou standard lângă fereastră	Workspace 101	WORKSPACE	1
3	t	2025-11-06 18:26:53.699486	Birou standard	Workspace 102	WORKSPACE	1
5	t	2025-11-06 18:26:53.699486	Birou cu scaun ergonomic Pro	Workspace 201	WORKSPACE	2
7	t	2025-11-06 18:26:53.699486	Birou simplu	Workspace 301	WORKSPACE	3
8	t	2026-01-04 19:21:48.363215		Workspace 105	WORKSPACE	4
6	t	2025-11-06 18:26:53.699486		Stefan cel Mare	MEETING_ROOM	2
4	t	2025-11-06 18:26:53.699486		Dristor	MEETING_ROOM	1
\.


--
-- TOC entry 5064 (class 0 OID 16393)
-- Dependencies: 220
-- Data for Name: users; Type: TABLE DATA; Schema: public; Owner: work_hive_admin
--

COPY public.users (id, created_at, email, first_name, last_name, password, role) FROM stdin;
1	2025-11-03 23:04:42.333386	grasucostin@gmail.com	Grasu	Costin	$2a$10$YIc.b4UxUYrCiylG4guJ3.KyKxpDLGk6OGNYItXvrSYv1XsqNIHr2	USER
3	2025-11-03 23:12:09.460138	admin@workhive.com	Admin	Admin	$2a$10$U/MHR8mhBQxkTviD7..FuOP3sUsGeNbxBESeuYIACWFm/gvEM5JE6	ADMIN
6	2025-11-04 18:27:17.026866	test@test.com	testul	testului	$2a$10$E/2bjSniB4VpfmtPBxqHLO7JXnb7VoaXE.9sirowEAjo3DR.VPoOa	USER
7	2025-11-06 18:16:23.714437	test1@test.com	test1	TEST	$2a$10$GwyuDXtHBsmccdWgRk4tiuLNe06phgTB/ExI5F7Ai2n2JZn2JiwRe	USER
8	2025-11-06 18:16:46.500387	test2@test.com	test2	TEST	$2a$10$QZhCv/Pt2.UAQEa4IlbPJulq0eRo5zrWA8vjGESicZsAPT3qQCYW6	USER
11	2025-12-01 22:24:27.490035	radupolat@gmail.com	Radu	Polat	$2a$10$3HLC3229md8XGDsypfkROe8FHO9nffvHuB1iUNeti.9wevuhqfvQS	USER
15	2026-01-11 20:24:43.448521	sabin@hansa.com	sabin	hansa	$2a$10$0wxj786so9Y78gyXz7xZfuqMAMT61kJ1nQ8j9wvBdISrvQ2vfe4Du	USER
\.


--
-- TOC entry 5084 (class 0 OID 0)
-- Dependencies: 221
-- Name: locations_id_seq; Type: SEQUENCE SET; Schema: public; Owner: work_hive_admin
--

SELECT pg_catalog.setval('public.locations_id_seq', 6, true);


--
-- TOC entry 5085 (class 0 OID 0)
-- Dependencies: 223
-- Name: parkings_id_seq; Type: SEQUENCE SET; Schema: public; Owner: work_hive_admin
--

SELECT pg_catalog.setval('public.parkings_id_seq', 9, true);


--
-- TOC entry 5086 (class 0 OID 0)
-- Dependencies: 225
-- Name: reservations_id_seq; Type: SEQUENCE SET; Schema: public; Owner: work_hive_admin
--

SELECT pg_catalog.setval('public.reservations_id_seq', 40, true);


--
-- TOC entry 5087 (class 0 OID 0)
-- Dependencies: 227
-- Name: resources_id_seq; Type: SEQUENCE SET; Schema: public; Owner: work_hive_admin
--

SELECT pg_catalog.setval('public.resources_id_seq', 6, true);


--
-- TOC entry 5088 (class 0 OID 0)
-- Dependencies: 230
-- Name: spaces_id_seq; Type: SEQUENCE SET; Schema: public; Owner: work_hive_admin
--

SELECT pg_catalog.setval('public.spaces_id_seq', 8, true);


--
-- TOC entry 5089 (class 0 OID 0)
-- Dependencies: 219
-- Name: users_id_seq; Type: SEQUENCE SET; Schema: public; Owner: work_hive_admin
--

SELECT pg_catalog.setval('public.users_id_seq', 15, true);


--
-- TOC entry 4896 (class 2606 OID 16420)
-- Name: locations locations_pkey; Type: CONSTRAINT; Schema: public; Owner: work_hive_admin
--

ALTER TABLE ONLY public.locations
    ADD CONSTRAINT locations_pkey PRIMARY KEY (id);


--
-- TOC entry 4898 (class 2606 OID 16431)
-- Name: parkings parkings_pkey; Type: CONSTRAINT; Schema: public; Owner: work_hive_admin
--

ALTER TABLE ONLY public.parkings
    ADD CONSTRAINT parkings_pkey PRIMARY KEY (id);


--
-- TOC entry 4900 (class 2606 OID 16448)
-- Name: reservations reservations_pkey; Type: CONSTRAINT; Schema: public; Owner: work_hive_admin
--

ALTER TABLE ONLY public.reservations
    ADD CONSTRAINT reservations_pkey PRIMARY KEY (id);


--
-- TOC entry 4902 (class 2606 OID 16459)
-- Name: resources resources_pkey; Type: CONSTRAINT; Schema: public; Owner: work_hive_admin
--

ALTER TABLE ONLY public.resources
    ADD CONSTRAINT resources_pkey PRIMARY KEY (id);


--
-- TOC entry 4906 (class 2606 OID 16466)
-- Name: space_resources space_resources_pkey; Type: CONSTRAINT; Schema: public; Owner: work_hive_admin
--

ALTER TABLE ONLY public.space_resources
    ADD CONSTRAINT space_resources_pkey PRIMARY KEY (space_id, resource_id);


--
-- TOC entry 4908 (class 2606 OID 16481)
-- Name: spaces spaces_pkey; Type: CONSTRAINT; Schema: public; Owner: work_hive_admin
--

ALTER TABLE ONLY public.spaces
    ADD CONSTRAINT spaces_pkey PRIMARY KEY (id);


--
-- TOC entry 4892 (class 2606 OID 16409)
-- Name: users uk6dotkott2kjsp8vw4d0m25fb7; Type: CONSTRAINT; Schema: public; Owner: work_hive_admin
--

ALTER TABLE ONLY public.users
    ADD CONSTRAINT uk6dotkott2kjsp8vw4d0m25fb7 UNIQUE (email);


--
-- TOC entry 4904 (class 2606 OID 16483)
-- Name: resources ukl85pqajoc7v2drqv3tj3rcmpq; Type: CONSTRAINT; Schema: public; Owner: work_hive_admin
--

ALTER TABLE ONLY public.resources
    ADD CONSTRAINT ukl85pqajoc7v2drqv3tj3rcmpq UNIQUE (name);


--
-- TOC entry 4894 (class 2606 OID 16407)
-- Name: users users_pkey; Type: CONSTRAINT; Schema: public; Owner: work_hive_admin
--

ALTER TABLE ONLY public.users
    ADD CONSTRAINT users_pkey PRIMARY KEY (id);


--
-- TOC entry 4910 (class 2606 OID 16489)
-- Name: reservations fk5qi2uov4xnbl9pe7r24hppdb1; Type: FK CONSTRAINT; Schema: public; Owner: work_hive_admin
--

ALTER TABLE ONLY public.reservations
    ADD CONSTRAINT fk5qi2uov4xnbl9pe7r24hppdb1 FOREIGN KEY (parking_id) REFERENCES public.parkings(id);


--
-- TOC entry 4913 (class 2606 OID 16504)
-- Name: space_resources fk8l2v77tjukijxia8p26q0oxbk; Type: FK CONSTRAINT; Schema: public; Owner: work_hive_admin
--

ALTER TABLE ONLY public.space_resources
    ADD CONSTRAINT fk8l2v77tjukijxia8p26q0oxbk FOREIGN KEY (resource_id) REFERENCES public.resources(id);


--
-- TOC entry 4911 (class 2606 OID 16494)
-- Name: reservations fkamig3ih2d03a4kb15cuoax1rm; Type: FK CONSTRAINT; Schema: public; Owner: work_hive_admin
--

ALTER TABLE ONLY public.reservations
    ADD CONSTRAINT fkamig3ih2d03a4kb15cuoax1rm FOREIGN KEY (space_id) REFERENCES public.spaces(id);


--
-- TOC entry 4912 (class 2606 OID 16499)
-- Name: reservations fkb5g9io5h54iwl2inkno50ppln; Type: FK CONSTRAINT; Schema: public; Owner: work_hive_admin
--

ALTER TABLE ONLY public.reservations
    ADD CONSTRAINT fkb5g9io5h54iwl2inkno50ppln FOREIGN KEY (user_id) REFERENCES public.users(id);


--
-- TOC entry 4915 (class 2606 OID 16514)
-- Name: spaces fkepr3yeo338h2kmmpe8pikoxby; Type: FK CONSTRAINT; Schema: public; Owner: work_hive_admin
--

ALTER TABLE ONLY public.spaces
    ADD CONSTRAINT fkepr3yeo338h2kmmpe8pikoxby FOREIGN KEY (location_id) REFERENCES public.locations(id);


--
-- TOC entry 4914 (class 2606 OID 16509)
-- Name: space_resources fkiuspyhrh033th6k28lthoc6bw; Type: FK CONSTRAINT; Schema: public; Owner: work_hive_admin
--

ALTER TABLE ONLY public.space_resources
    ADD CONSTRAINT fkiuspyhrh033th6k28lthoc6bw FOREIGN KEY (space_id) REFERENCES public.spaces(id);


--
-- TOC entry 4909 (class 2606 OID 16484)
-- Name: parkings fksgnbudfj1xkwowwscfo8at0p7; Type: FK CONSTRAINT; Schema: public; Owner: work_hive_admin
--

ALTER TABLE ONLY public.parkings
    ADD CONSTRAINT fksgnbudfj1xkwowwscfo8at0p7 FOREIGN KEY (location_id) REFERENCES public.locations(id);


--
-- TOC entry 5082 (class 0 OID 0)
-- Dependencies: 5081
-- Name: DATABASE work_hive_db; Type: ACL; Schema: -; Owner: postgres
--

GRANT ALL ON DATABASE work_hive_db TO work_hive_admin;


--
-- TOC entry 5083 (class 0 OID 0)
-- Dependencies: 5
-- Name: SCHEMA public; Type: ACL; Schema: -; Owner: pg_database_owner
--

GRANT ALL ON SCHEMA public TO work_hive_admin;


--
-- TOC entry 2082 (class 826 OID 16391)
-- Name: DEFAULT PRIVILEGES FOR SEQUENCES; Type: DEFAULT ACL; Schema: public; Owner: postgres
--

ALTER DEFAULT PRIVILEGES FOR ROLE postgres IN SCHEMA public GRANT ALL ON SEQUENCES TO work_hive_admin;


--
-- TOC entry 2081 (class 826 OID 16390)
-- Name: DEFAULT PRIVILEGES FOR TABLES; Type: DEFAULT ACL; Schema: public; Owner: postgres
--

ALTER DEFAULT PRIVILEGES FOR ROLE postgres IN SCHEMA public GRANT ALL ON TABLES TO work_hive_admin;


-- Completed on 2026-01-11 21:16:30

--
-- PostgreSQL database dump complete
--

\unrestrict F3fNVeqSRzVZVvnbBmvRzbFzG8OJYy1ib1IsBp4GBd4CclyIqgzUME0IMuMHJsU

